{"cameraMode":{"drawMode":0,"name":"Shaded","section":"Shading Mode"},"sceneLighting":false,"audioPlay":false,"sceneViewState":{"m_AlwaysRefresh":false,"showFog":true,"showSkybox":false,"showFlares":true,"showImageEffects":true,"showParticleSystems":true,"showVisualEffectGraphs":true,"m_FxEnabled":true},"in2DMode":false,"pivot":{"x":-3.272260904312134,"y":0.4156689941883087,"z":-1.6127091646194459},"rotation":{"x":-0.014382246881723404,"y":0.8206495046615601,"z":0.020677758380770685,"w":0.5708860754966736},"size":0.012427031993865967,"orthographic":false}